"<built-in function id>","2019-05-16 20:31:22","Please write a valid comment.","//a","fehlerfrei"
"0","2019-05-16 20:36:22","Please choose the right answer(s) by typing in the number(s) of the answer(s) into user input:
Which types of comments does Java support?
1. One-line Comments
2. Java-Docs
3. Comments for Variables
4. executable Comments
","1","fehlerfrei"
"<built-in function id>","2019-05-16 20:39:05","Please write a valid comment.","//comment","fehlerfrei"
"<built-in function id>","2019-05-16 20:39:23","Please write a literal.","2","fehlerfrei"
"<built-in function id>","2019-05-16 20:39:35","Please write an integer literal.","2a","[['basics', u'integer_literals', u'basics', u'integer_literals'], u'This is not a valid decimal integer literal. It cannot contain non-digits: <b>a</b>', 'integer_literals_non_decimal']"
"0","2019-05-16 21:13:20","Please choose the right answer(s) by typing in the number(s) of the answer(s) into user input:
Which types of comments does Java support?
1. One-line Comments
2. Java-Docs
3. Comments for Variables
4. executable Comments
","1","fehlerfrei"
"0","2019-05-16 21:15:14","Please choose the right answer(s) by typing in the number(s) of the answer(s) into user input:
Which types of comments does Java support?
1. One-line Comments
2. Java-Docs
3. Comments for Variables
4. executable Comments
","1","fehlerfrei"
"0","2019-05-16 21:15:50","Please choose the right answer(s) by typing in the number(s) of the answer(s) into user input:
Which types of comments does Java support?
1. One-line Comments
2. Java-Docs
3. Comments for Variables
4. executable Comments
","1","fehlerfrei"
"0","2019-05-16 21:19:13","Please choose the right answer(s) by typing in the number(s) of the answer(s) into user input:
Which types of comments does Java support?
1. One-line Comments
2. Java-Docs
3. Comments for Variables
4. executable Comments
","1","fehlerfrei"
"0","2019-05-16 21:22:22","Please choose the right answer(s) by typing in the number(s) of the answer(s) into user input:
Which types of comments does Java support?
1. One-line Comments
2. Java-Docs
3. Comments for Variables
4. executable Comments
","1","fehlerfrei"
"0","2019-05-16 21:25:20","Please choose the right answer(s) by typing in the number(s) of the answer(s) into user input:
Which types of comments does Java support?
1. One-line Comments
2. Java-Docs
3. Comments for Variables
4. executable Comments
","1","fehlerfrei"
"0","2019-05-16 22:03:23","Please choose the right answer(s) by typing in the number(s) of the answer(s) into user input:
Which types of comments does Java support?
1. One-line Comments
2. Java-Docs
3. Comments for Variables
4. executable Comments
","1","fehlerfrei"
"0","2019-05-16 22:12:22","Please choose the right answer(s) by typing in the number(s) of the answer(s) into user input:
Which types of comments does Java support?
1. One-line Comments
2. Java-Docs
3. Comments for Variables
4. executable Comments
","1","fehlerfrei"
"<built-in function id>","2019-05-17 04:02:02","Please write a valid comment.","/*a","[['basics', u'comments', u'basics', u'comments'], u'This is not a valid comment. This does not contain /**/ or //: <b>/*a</b>', 'comments_non']"
"<built-in function id>","2019-05-17 04:04:08","Please write a valid main-method.","public static void main(String a[]){}","fehlerfrei"
"<built-in function id>","2019-05-17 04:04:16","Please write a valid import.","import java.*;","fehlerfrei"
"<built-in function id>","2019-05-17 04:04:24","Please write a valid package declaration.","package 1232;","[['programm_structure', u'programm_structure_packages', u'programm_structure', u'programm_structure_packages'], u'The package declaration must contain identifiers: <b>1232</b>.', 'package_indentifier']"
"<built-in function id>","2019-05-17 04:05:26","Please write a valid main-method.","public static void main(String a[]){}","fehlerfrei"
"<built-in function id>","2019-05-17 04:05:35","Please write a valid import.","import java.*;","fehlerfrei"
"<built-in function id>","2019-05-17 04:05:41","Please write a valid package declaration.","package a;","fehlerfrei"
"<built-in function id>","2019-05-17 04:05:47","Please choose the right answer(s) by typing in the number(s) of the answer(s) into user input:
What does a package declaration look like?
1. package applicationname,libraryname
2. package libraryname.applicationname
3. package applicationname.libraryname
4. PACKAGE applicationname.libraryname
","2","fehlerfrei"
"<built-in function id>","2019-05-17 04:05:53","Please choose the right answer(s) by typing in the number(s) of the answer(s) into user input:
Where are imports written?
1. At the top.
2. At the bottom.
3. One line before the first use.
4. They can be written anywhere.
","1","fehlerfrei"
"<built-in function id>","2019-05-17 04:05:57","Please choose the right answer(s) by typing in the number(s) of the answer(s) into user input:
Where is the entry point in a java app?
1. At the line 1.
2. At the main method.
3. At the class declaration.
4. At the entry method.
","2","fehlerfrei"
"0","2019-05-17 04:11:15","Please choose the right answer(s) by typing in the number(s) of the answer(s) into user input:
Which types of comments does Java support?
1. One-line Comments
2. Java-Docs
3. Comments for Variables
4. executable Comments
","1","fehlerfrei"
"0","2019-05-17 04:15:38","Please choose the right answer(s) by typing in the number(s) of the answer(s) into user input:
Which types of comments does Java support?
1. One-line Comments
2. Java-Docs
3. Comments for Variables
4. executable Comments
","1","fehlerfrei"
"0","2019-05-17 04:17:59","Please choose the right answer(s) by typing in the number(s) of the answer(s) into user input:
Which types of comments does Java support?
1. One-line Comments
2. Java-Docs
3. Comments for Variables
4. executable Comments
","1","fehlerfrei"
"0","2019-05-17 04:21:01","Please choose the right answer(s) by typing in the number(s) of the answer(s) into user input:
Which types of comments does Java support?
1. One-line Comments
2. Java-Docs
3. Comments for Variables
4. executable Comments
","1","fehlerfrei"
"0","2019-05-17 04:33:43","Please choose the right answer(s) by typing in the number(s) of the answer(s) into user input:
Which types of comments does Java support?
1. One-line Comments
2. Java-Docs
3. Comments for Variables
4. executable Comments
","1","fehlerfrei"
"0","2019-05-17 04:38:49","Please choose the right answer(s) by typing in the number(s) of the answer(s) into user input:
Which types of comments does Java support?
1. One-line Comments
2. Java-Docs
3. Comments for Variables
4. executable Comments
","1","fehlerfrei"
"0","2019-05-17 04:41:35","Please choose the right answer(s) by typing in the number(s) of the answer(s) into user input:
Which types of comments does Java support?
1. One-line Comments
2. Java-Docs
3. Comments for Variables
4. executable Comments
","1","fehlerfrei"
"0","2019-05-17 08:09:38","Please choose the right answer(s) by typing in the number(s) of the answer(s) into user input:
Which types of comments does Java support?
1. One-line Comments
2. Java-Docs
3. Comments for Variables
4. executable Comments
","1","fehlerfrei"
"0","2019-05-17 08:22:21","Please choose the right answer(s) by typing in the number(s) of the answer(s) into user input:
Which types of comments does Java support?
1. One-line Comments
2. Java-Docs
3. Comments for Variables
4. executable Comments
","1","fehlerfrei"
"0","2019-05-17 08:34:53","Please choose the right answer(s) by typing in the number(s) of the answer(s) into user input:
Which types of comments does Java support?
1. One-line Comments
2. Java-Docs
3. Comments for Variables
4. executable Comments
","1","fehlerfrei"
"0","2019-05-17 08:39:11","Please choose the right answer(s) by typing in the number(s) of the answer(s) into user input:
Which types of comments does Java support?
1. One-line Comments
2. Java-Docs
3. Comments for Variables
4. executable Comments
","1","fehlerfrei"
"0","2019-05-17 08:41:40","Please choose the right answer(s) by typing in the number(s) of the answer(s) into user input:
Which types of comments does Java support?
1. One-line Comments
2. Java-Docs
3. Comments for Variables
4. executable Comments
","1","fehlerfrei"
"0","2019-05-17 08:42:34","Please choose the right answer(s) by typing in the number(s) of the answer(s) into user input:
Which types of comments does Java support?
1. One-line Comments
2. Java-Docs
3. Comments for Variables
4. executable Comments
","1","fehlerfrei"
"0","2019-05-17 08:47:35","Please choose the right answer(s) by typing in the number(s) of the answer(s) into user input:
Which types of comments does Java support?
1. One-line Comments
2. Java-Docs
3. Comments for Variables
4. executable Comments
","1","fehlerfrei"
"0","2019-05-17 08:50:48","Please choose the right answer(s) by typing in the number(s) of the answer(s) into user input:
Which types of comments does Java support?
1. One-line Comments
2. Java-Docs
3. Comments for Variables
4. executable Comments
","1","fehlerfrei"
"0","2019-05-17 08:51:41","Please choose the right answer(s) by typing in the number(s) of the answer(s) into user input:
Which types of comments does Java support?
1. One-line Comments
2. Java-Docs
3. Comments for Variables
4. executable Comments
","1","fehlerfrei"
"0","2019-05-17 08:56:12","Please choose the right answer(s) by typing in the number(s) of the answer(s) into user input:
Which types of comments does Java support?
1. One-line Comments
2. Java-Docs
3. Comments for Variables
4. executable Comments
","1","fehlerfrei"
"0","2019-05-17 09:31:01","Please choose the right answer(s) by typing in the number(s) of the answer(s) into user input:
Which types of comments does Java support?
1. One-line Comments
2. Java-Docs
3. Comments for Variables
4. executable Comments
","1","fehlerfrei"
"0","2019-05-17 09:31:32","Please choose the right answer(s) by typing in the number(s) of the answer(s) into user input:
Which types of comments does Java support?
1. One-line Comments
2. Java-Docs
3. Comments for Variables
4. executable Comments
","1","fehlerfrei"
"<built-in function id>","2019-05-17 09:32:33","Please write a valid comment.","//a","fehlerfrei"
"<built-in function id>","2019-05-17 09:33:27","Please write a literal.","2.","[['basics', 'literals', 'basics', 'literals'], 'This is not a literal: <b>2.</b>', 'literal_non']"
"<built-in function id>","2019-05-17 09:34:10","Please write a literal.","2","fehlerfrei"
"<built-in function id>","2019-05-17 09:34:26","Please write a literal.","2","fehlerfrei"
"0","2019-05-17 10:25:35","Please choose the right answer(s) by typing in the number(s) of the answer(s) into user input:
Which types of comments does Java support?
1. One-line Comments
2. Java-Docs
3. Comments for Variables
4. executable Comments
","1","fehlerfrei"
"0","2019-05-17 10:26:19","Please choose the right answer(s) by typing in the number(s) of the answer(s) into user input:
Which types of comments does Java support?
1. One-line Comments
2. Java-Docs
3. Comments for Variables
4. executable Comments
","1","fehlerfrei"
"0","2019-05-17 10:28:03","Please choose the right answer(s) by typing in the number(s) of the answer(s) into user input:
Which types of comments does Java support?
1. One-line Comments
2. Java-Docs
3. Comments for Variables
4. executable Comments
","1","fehlerfrei"
"0","2019-05-17 10:30:13","Please choose the right answer(s) by typing in the number(s) of the answer(s) into user input:
Which types of comments does Java support?
1. One-line Comments
2. Java-Docs
3. Comments for Variables
4. executable Comments
","1","fehlerfrei"
"0","2019-05-17 10:32:29","Please choose the right answer(s) by typing in the number(s) of the answer(s) into user input:
Which types of comments does Java support?
1. One-line Comments
2. Java-Docs
3. Comments for Variables
4. executable Comments
","1","fehlerfrei"
"0","2019-05-17 10:36:09","Please choose the right answer(s) by typing in the number(s) of the answer(s) into user input:
Which types of comments does Java support?
1. One-line Comments
2. Java-Docs
3. Comments for Variables
4. executable Comments
","1","fehlerfrei"
"0","2019-05-17 10:38:30","Please choose the right answer(s) by typing in the number(s) of the answer(s) into user input:
Which types of comments does Java support?
1. One-line Comments
2. Java-Docs
3. Comments for Variables
4. executable Comments
","1","fehlerfrei"
"0","2019-05-17 10:38:43","Please choose the right answer(s) by typing in the number(s) of the answer(s) into user input:
Which types of comments does Java support?
1. One-line Comments
2. Java-Docs
3. Comments for Variables
4. executable Comments
","1","fehlerfrei"
"0","2019-05-17 10:39:30","Please choose the right answer(s) by typing in the number(s) of the answer(s) into user input:
Which types of comments does Java support?
1. One-line Comments
2. Java-Docs
3. Comments for Variables
4. executable Comments
","1","fehlerfrei"
"0","2019-05-17 10:41:24","Please choose the right answer(s) by typing in the number(s) of the answer(s) into user input:
Which types of comments does Java support?
1. One-line Comments
2. Java-Docs
3. Comments for Variables
4. executable Comments
","1","fehlerfrei"
"0","2019-05-17 10:43:40","Please choose the right answer(s) by typing in the number(s) of the answer(s) into user input:
Which types of comments does Java support?
1. One-line Comments
2. Java-Docs
3. Comments for Variables
4. executable Comments
","1","fehlerfrei"
"0","2019-05-17 10:43:49","Please choose the right answer(s) by typing in the number(s) of the answer(s) into user input:
Which types of comments does Java support?
1. One-line Comments
2. Java-Docs
3. Comments for Variables
4. executable Comments
","1","fehlerfrei"
"0","2019-05-17 10:46:16","Please choose the right answer(s) by typing in the number(s) of the answer(s) into user input:
Which types of comments does Java support?
1. One-line Comments
2. Java-Docs
3. Comments for Variables
4. executable Comments
","1","fehlerfrei"
"0","2019-05-17 10:46:55","Please choose the right answer(s) by typing in the number(s) of the answer(s) into user input:
Which types of comments does Java support?
1. One-line Comments
2. Java-Docs
3. Comments for Variables
4. executable Comments
","1","fehlerfrei"
"0","2019-05-17 10:47:48","Please choose the right answer(s) by typing in the number(s) of the answer(s) into user input:
Which types of comments does Java support?
1. One-line Comments
2. Java-Docs
3. Comments for Variables
4. executable Comments
","1","fehlerfrei"
"0","2019-05-17 10:48:19","Please choose the right answer(s) by typing in the number(s) of the answer(s) into user input:
Which types of comments does Java support?
1. One-line Comments
2. Java-Docs
3. Comments for Variables
4. executable Comments
","1","fehlerfrei"
"0","2019-05-17 10:49:27","Please choose the right answer(s) by typing in the number(s) of the answer(s) into user input:
Which types of comments does Java support?
1. One-line Comments
2. Java-Docs
3. Comments for Variables
4. executable Comments
","1","fehlerfrei"
"0","2019-05-17 10:50:33","Please choose the right answer(s) by typing in the number(s) of the answer(s) into user input:
Which types of comments does Java support?
1. One-line Comments
2. Java-Docs
3. Comments for Variables
4. executable Comments
","1","fehlerfrei"
"0","2019-05-17 10:52:06","Please choose the right answer(s) by typing in the number(s) of the answer(s) into user input:
Which types of comments does Java support?
1. One-line Comments
2. Java-Docs
3. Comments for Variables
4. executable Comments
","1","fehlerfrei"
"0","2019-05-17 10:52:32","Please choose the right answer(s) by typing in the number(s) of the answer(s) into user input:
Which types of comments does Java support?
1. One-line Comments
2. Java-Docs
3. Comments for Variables
4. executable Comments
","1","fehlerfrei"
"0","2019-05-17 10:53:50","Please choose the right answer(s) by typing in the number(s) of the answer(s) into user input:
Which types of comments does Java support?
1. One-line Comments
2. Java-Docs
3. Comments for Variables
4. executable Comments
","1","fehlerfrei"
"0","2019-05-17 10:54:32","Please choose the right answer(s) by typing in the number(s) of the answer(s) into user input:
Which types of comments does Java support?
1. One-line Comments
2. Java-Docs
3. Comments for Variables
4. executable Comments
","1","fehlerfrei"
"0","2019-05-17 10:56:43","Please choose the right answer(s) by typing in the number(s) of the answer(s) into user input:
Which types of comments does Java support?
1. One-line Comments
2. Java-Docs
3. Comments for Variables
4. executable Comments
","1","fehlerfrei"
"0","2019-05-17 10:59:10","Please choose the right answer(s) by typing in the number(s) of the answer(s) into user input:
Which types of comments does Java support?
1. One-line Comments
2. Java-Docs
3. Comments for Variables
4. executable Comments
","1","fehlerfrei"
"0","2019-05-17 11:01:57","Please choose the right answer(s) by typing in the number(s) of the answer(s) into user input:
Which types of comments does Java support?
1. One-line Comments
2. Java-Docs
3. Comments for Variables
4. executable Comments
","1","fehlerfrei"
"0","2019-05-17 11:02:36","Please choose the right answer(s) by typing in the number(s) of the answer(s) into user input:
Which types of comments does Java support?
1. One-line Comments
2. Java-Docs
3. Comments for Variables
4. executable Comments
","1","fehlerfrei"
"0","2019-05-17 11:02:56","Please choose the right answer(s) by typing in the number(s) of the answer(s) into user input:
Which types of comments does Java support?
1. One-line Comments
2. Java-Docs
3. Comments for Variables
4. executable Comments
","1","fehlerfrei"
"0","2019-05-17 11:03:25","Please choose the right answer(s) by typing in the number(s) of the answer(s) into user input:
Which types of comments does Java support?
1. One-line Comments
2. Java-Docs
3. Comments for Variables
4. executable Comments
","1","fehlerfrei"
"0","2019-05-17 11:04:40","Please choose the right answer(s) by typing in the number(s) of the answer(s) into user input:
Which types of comments does Java support?
1. One-line Comments
2. Java-Docs
3. Comments for Variables
4. executable Comments
","1","fehlerfrei"
"0","2019-05-17 11:05:26","Please choose the right answer(s) by typing in the number(s) of the answer(s) into user input:
Which types of comments does Java support?
1. One-line Comments
2. Java-Docs
3. Comments for Variables
4. executable Comments
","1","fehlerfrei"
"0","2019-05-17 11:06:56","Please choose the right answer(s) by typing in the number(s) of the answer(s) into user input:
Which types of comments does Java support?
1. One-line Comments
2. Java-Docs
3. Comments for Variables
4. executable Comments
","1","fehlerfrei"
"0","2019-05-17 11:07:34","Please choose the right answer(s) by typing in the number(s) of the answer(s) into user input:
Which types of comments does Java support?
1. One-line Comments
2. Java-Docs
3. Comments for Variables
4. executable Comments
","1","fehlerfrei"
"0","2019-05-17 11:21:35","Please choose the right answer(s) by typing in the number(s) of the answer(s) into user input:
Which types of comments does Java support?
1. One-line Comments
2. Java-Docs
3. Comments for Variables
4. executable Comments
","1","fehlerfrei"
"0","2019-05-17 12:35:44","Please choose the right answer(s) by typing in the number(s) of the answer(s) into user input:
Which types of comments does Java support?
1. One-line Comments
2. Java-Docs
3. Comments for Variables
4. executable Comments
","1","fehlerfrei"
"<built-in function id>","2019-05-17 12:36:52","Please write a valid main-method.","public static void main(String a[]){}","fehlerfrei"
"<built-in function id>","2019-05-17 12:37:18","Please write a valid import.","import a","[['programm_structure', 'programm_structure_import', 'programm_structure', 'programm_structure_import'], 'This does not end with a semicolon: <b>import a</b>.', 'import_wrong_semicolon']"
"<built-in function id>","2019-05-17 12:37:30","Please write a valid import.","import a;","fehlerfrei"
"<built-in function id>","2019-05-17 12:38:21","Please write a valid import.","import a;","fehlerfrei"
"<built-in function id>","2019-05-17 12:39:39","Please write a valid package declaration.","package src;","fehlerfrei"
"<built-in function id>","2019-05-17 12:40:08","What does an import declaration do?
Please fill the gap by typing the answer in Teaching Input:
It maps a path to a simple ___ so import objects can be used by it.","1","fehlerhaft"
"<built-in function id>","2019-05-17 12:40:50","Please choose the right answer(s) by typing in the number(s) of the answer(s) into user input:
Where are imports written?
1. At the top.
2. At the bottom.
3. One line before the first use.
4. They can be written anywhere.
","1","fehlerfrei"
"<built-in function id>","2019-05-17 12:40:56","Please choose the right answer(s) by typing in the number(s) of the answer(s) into user input:
What does a package declaration look like?
1. package applicationname,libraryname
2. package libraryname.applicationname
3. package applicationname.libraryname
4. PACKAGE applicationname.libraryname
","2","fehlerfrei"
"<built-in function id>","2019-05-17 12:43:24","Please write a valid main-method.","public static void main(String[] a){}","fehlerfrei"
"<built-in function id>","2019-05-17 12:43:40","Please write a valid import.","import a;","fehlerfrei"
"<built-in function id>","2019-05-17 12:43:53","Please write a valid package declaration.","package b;","fehlerfrei"
"<built-in function id>","2019-05-17 12:44:11","What does an import declaration do?
Please fill the gap by typing the answer in Teaching Input:
It maps a path to a simple ___ so import objects can be used by it.","namea","fehlerhaft"
"<built-in function id>","2019-05-17 12:44:44","Please choose the right answer(s) by typing in the number(s) of the answer(s) into user input:
What does a package declaration look like?
1. package applicationname,libraryname
2. package libraryname.applicationname
3. package applicationname.libraryname
4. PACKAGE applicationname.libraryname
","4","fehlerhaft"
"<built-in function id>","2019-05-17 12:44:54","Complete this package declaration.
Please fill the gap by typing the answer in Teaching Input:
package myapplication___mylibrary;",",","fehlerhaft"
"0","2019-05-17 16:49:57","Please choose the right answer(s) by typing in the number(s) of the answer(s) into user input:
Which types of comments does Java support?
1. One-line Comments
2. Java-Docs
3. Comments for Variables
4. executable Comments
","1","fehlerfrei"
"0","2019-05-17 16:50:32","Please choose the right answer(s) by typing in the number(s) of the answer(s) into user input:
Which types of comments does Java support?
1. One-line Comments
2. Java-Docs
3. Comments for Variables
4. executable Comments
","1","fehlerfrei"
"0","2019-05-17 16:51:14","Please choose the right answer(s) by typing in the number(s) of the answer(s) into user input:
Which types of comments does Java support?
1. One-line Comments
2. Java-Docs
3. Comments for Variables
4. executable Comments
","1","fehlerfrei"
"0","2019-05-17 17:56:40","Please choose the right answer(s) by typing in the number(s) of the answer(s) into user input:
Which types of comments does Java support?
1. One-line Comments
2. Java-Docs
3. Comments for Variables
4. executable Comments
","1","fehlerfrei"
"0","2019-05-17 21:55:30","Please choose the right answer(s) by typing in the number(s) of the answer(s) into user input:
Which types of comments does Java support?
1. One-line Comments
2. Java-Docs
3. Comments for Variables
4. executable Comments
","1","fehlerfrei"
"0","2019-05-17 21:56:15","Please choose the right answer(s) by typing in the number(s) of the answer(s) into user input:
Which types of comments does Java support?
1. One-line Comments
2. Java-Docs
3. Comments for Variables
4. executable Comments
","1","fehlerfrei"
"<built-in function id>","2019-05-17 21:56:31","Please write a valid comment.","/a","[['basics', 'comments', 'basics', 'comments'], 'This is not a valid comment. This does not contain /**/ or //: <b>/a</b>', 'comments_non']"
"0","2019-05-17 21:59:21","Please choose the right answer(s) by typing in the number(s) of the answer(s) into user input:
Which types of comments does Java support?
1. One-line Comments
2. Java-Docs
3. Comments for Variables
4. executable Comments
","1","fehlerfrei"
"0","2019-05-17 22:46:54","Please choose the right answer(s) by typing in the number(s) of the answer(s) into user input:
Which types of comments does Java support?
1. One-line Comments
2. Java-Docs
3. Comments for Variables
4. executable Comments
","1","fehlerfrei"
"<built-in function id>","2019-05-17 22:47:16","Please write a valid comment.","/a","[['basics', 'comments', 'basics', 'comments'], 'This is not a valid comment. This does not contain /**/ or //: <b>/a</b>', 'comments_non']"
"0","2019-05-17 23:08:20","Please choose the right answer(s) by typing in the number(s) of the answer(s) into user input:
Which types of comments does Java support?
1. One-line Comments
2. Java-Docs
3. Comments for Variables
4. executable Comments
","1","fehlerfrei"
"0","2019-05-17 23:09:05","Please choose the right answer(s) by typing in the number(s) of the answer(s) into user input:
Which types of comments does Java support?
1. One-line Comments
2. Java-Docs
3. Comments for Variables
4. executable Comments
","1","fehlerfrei"
"<built-in function id>","2019-05-17 23:09:05","Please write a valid comment.","/a","[['basics', 'comments', 'basics', 'comments'], 'This is not a valid comment. This does not contain /**/ or //: <b>/a</b>', 'comments_non']"
"0","2019-05-17 23:13:57","Please choose the right answer(s) by typing in the number(s) of the answer(s) into user input:
Which types of comments does Java support?
1. One-line Comments
2. Java-Docs
3. Comments for Variables
4. executable Comments
","1","fehlerfrei"
"<built-in function id>","2019-05-17 23:13:57","Please write a valid comment.","/a","[['basics', 'comments', 'basics', 'comments'], 'This is not a valid comment. This does not contain /**/ or //: <b>/a</b>', 'comments_non']"
"0","2019-05-17 23:20:55","Please choose the right answer(s) by typing in the number(s) of the answer(s) into user input:
Which types of comments does Java support?
1. One-line Comments
2. Java-Docs
3. Comments for Variables
4. executable Comments
","1","fehlerfrei"
"<built-in function id>","2019-05-17 23:20:55","Please write a valid comment.","/a","[['basics', 'comments', 'basics', 'comments'], 'This is not a valid comment. This does not contain /**/ or //: <b>/a</b>', 'comments_non']"
"0","2019-05-17 23:23:36","Please choose the right answer(s) by typing in the number(s) of the answer(s) into user input:
Which types of comments does Java support?
1. One-line Comments
2. Java-Docs
3. Comments for Variables
4. executable Comments
","1","fehlerfrei"
"<built-in function id>","2019-05-17 23:23:36","Please write a valid comment.","/a","[['basics', 'comments', 'basics', 'comments'], 'This is not a valid comment. This does not contain /**/ or //: <b>/a</b>', 'comments_non']"
"0","2019-05-17 23:25:42","Please choose the right answer(s) by typing in the number(s) of the answer(s) into user input:
Which types of comments does Java support?
1. One-line Comments
2. Java-Docs
3. Comments for Variables
4. executable Comments
","1","fehlerfrei"
"<built-in function id>","2019-05-17 23:25:42","Please write a valid comment.","/a","[['basics', 'comments', 'basics', 'comments'], 'This is not a valid comment. This does not contain /**/ or //: <b>/a</b>', 'comments_non']"
"0","2019-05-21 19:42:33","Please choose the right answer(s) by typing in the number(s) of the answer(s) into user input:
Which types of comments does Java support?
1. One-line Comments
2. Java-Docs
3. Comments for Variables
4. executable Comments
","1","fehlerfrei"
"<built-in function id>","2019-05-21 19:42:33","Please write a valid comment.","/a","[['basics', 'comments', 'basics', 'comments'], 'This is not a valid comment. This does not contain /**/ or //: <b>/a</b>', 'comments_non']"
"0","2019-05-21 19:47:10","Please choose the right answer(s) by typing in the number(s) of the answer(s) into user input:
Which types of comments does Java support?
1. One-line Comments
2. Java-Docs
3. Comments for Variables
4. executable Comments
","1","fehlerfrei"
"<built-in function id>","2019-05-21 19:47:10","Please write a valid comment.","/a","[['basics', 'comments', 'basics', 'comments'], 'This is not a valid comment. This does not contain /**/ or //: <b>/a</b>', 'comments_non']"
"0","2019-05-21 19:57:18","Please choose the right answer(s) by typing in the number(s) of the answer(s) into user input:
Which types of comments does Java support?
1. One-line Comments
2. Java-Docs
3. Comments for Variables
4. executable Comments
","1","fehlerfrei"
"<built-in function id>","2019-05-21 19:57:18","Please write a valid comment.","/a","[['basics', 'comments', 'basics', 'comments'], 'This is not a valid comment. This does not contain /**/ or //: <b>/a</b>', 'comments_non']"
"0","2019-05-21 19:57:56","Please choose the right answer(s) by typing in the number(s) of the answer(s) into user input:
Which types of comments does Java support?
1. One-line Comments
2. Java-Docs
3. Comments for Variables
4. executable Comments
","1","fehlerfrei"
"<built-in function id>","2019-05-21 19:57:56","Please write a valid comment.","/a","[['basics', 'comments', 'basics', 'comments'], 'This is not a valid comment. This does not contain /**/ or //: <b>/a</b>', 'comments_non']"
"0","2019-05-23 16:12:18","Please choose the right answer(s) by typing in the number(s) of the answer(s) into user input:
Which types of comments does Java support?
1. One-line Comments
2. Java-Docs
3. Comments for Variables
4. executable Comments
","1","fehlerfrei"
"<built-in function id>","2019-05-23 16:12:18","Please write a valid comment.","/a","[['basics', 'comments', 'basics', 'comments'], 'This is not a valid comment. This does not contain /**/ or //: <b>/a</b>', 'comments_non']"
"<built-in function id>","2019-05-23 16:12:42","Please write a valid comment.","/a","[['basics', 'comments', 'basics', 'comments'], 'This is not a valid comment. This does not contain /**/ or //: <b>/a</b>', 'comments_non']"
"<built-in function id>","2019-05-23 16:13:01","Please write a valid comment.","//a","fehlerfrei"
"<built-in function id>","2019-05-23 16:13:10","Please write a valid comment.","//a","fehlerfrei"
"<built-in function id>","2019-05-23 16:13:50","Please write a boolean expression.","true","fehlerfrei"
"<built-in function id>","2019-05-23 16:14:00","Please write an if statement.","if(3);","[['controll_structures', 'if', 'controll_structures', 'boolean_expression'], 'The if statement does not have a boolean expression: <b>3</b>', 'if_no_boolean_expression']"
"<built-in function id>","2019-05-23 16:14:05","Please write a boolean expression.","true","fehlerfrei"
"<built-in function id>","2019-05-23 16:14:15","Please write an if statement.","if(true);","fehlerfrei"
"0","2019-05-23 16:39:25","Please choose the right answer(s) by typing in the number(s) of the answer(s) into user input:
Which types of comments does Java support?
1. One-line Comments
2. Java-Docs
3. Comments for Variables
4. executable Comments
","1","fehlerfrei"
"<built-in function id>","2019-05-23 16:39:25","Please write a valid comment.","/a","[['basics', 'comments', 'basics', 'comments'], 'This is not a valid comment. This does not contain /**/ or //: <b>/a</b>', 'comments_non']"
"0","2019-05-23 16:44:55","Please choose the right answer(s) by typing in the number(s) of the answer(s) into user input:
Which types of comments does Java support?
1. One-line Comments
2. Java-Docs
3. Comments for Variables
4. executable Comments
","1","fehlerfrei"
"<built-in function id>","2019-05-23 16:44:55","Please write a valid comment.","/a","[['basics', 'comments', 'basics', 'comments'], 'This is not a valid comment. This does not contain /**/ or //: <b>/a</b>', 'comments_non']"
"0","2019-05-23 19:14:40","Please choose the right answer(s) by typing in the number(s) of the answer(s) into user input:
Which types of comments does Java support?
1. One-line Comments
2. Java-Docs
3. Comments for Variables
4. executable Comments
","1","fehlerfrei"
"<built-in function id>","2019-05-23 19:14:40","Please write a valid comment.","/a","[['basics', 'comments', 'basics', 'comments'], 'This is not a valid comment. This does not contain /**/ or //: <b>/a</b>', 'comments_non']"
"0","2019-05-23 20:34:00","Please choose the right answer(s) by typing in the number(s) of the answer(s) into user input:
Which types of comments does Java support?
1. One-line Comments
2. Java-Docs
3. Comments for Variables
4. executable Comments
","1","fehlerfrei"
"0","2019-05-23 20:34:36","Please choose the right answer(s) by typing in the number(s) of the answer(s) into user input:
Which types of comments does Java support?
1. One-line Comments
2. Java-Docs
3. Comments for Variables
4. executable Comments
","1","fehlerfrei"
"<built-in function id>","2019-05-23 20:34:36","Please write a valid comment.","/a","[['basics', 'comments', 'basics', 'comments'], 'This is not a valid comment. This does not contain /**/ or //: <b>/a</b>', 'comments_non']"
"0","2019-05-23 21:08:01","Please choose the right answer(s) by typing in the number(s) of the answer(s) into user input:
Which types of comments does Java support?
1. One-line Comments
2. Java-Docs
3. Comments for Variables
4. executable Comments
","1","fehlerfrei"
"0","2019-05-23 21:09:34","Please choose the right answer(s) by typing in the number(s) of the answer(s) into user input:
Which types of comments does Java support?
1. One-line Comments
2. Java-Docs
3. Comments for Variables
4. executable Comments
","1","fehlerfrei"
"0","2019-05-23 21:11:10","Please choose the right answer(s) by typing in the number(s) of the answer(s) into user input:
Which types of comments does Java support?
1. One-line Comments
2. Java-Docs
3. Comments for Variables
4. executable Comments
","1","fehlerfrei"
"<built-in function id>","2019-05-23 21:11:10","Please write a valid comment.","/a","[['basics', 'comments', 'basics', 'comments'], 'This is not a valid comment. This does not contain /**/ or //: <b>/a</b>', 'comments_non']"
"0","2019-05-23 21:12:10","Please choose the right answer(s) by typing in the number(s) of the answer(s) into user input:
Which types of comments does Java support?
1. One-line Comments
2. Java-Docs
3. Comments for Variables
4. executable Comments
","1","fehlerfrei"
"<built-in function id>","2019-05-23 21:12:10","Please write a valid comment.","/a","[['basics', 'comments', 'basics', 'comments'], 'This is not a valid comment. This does not contain /**/ or //: <b>/a</b>', 'comments_non']"
"0","2019-05-23 21:45:43","Please choose the right answer(s) by typing in the number(s) of the answer(s) into user input:
Which types of comments does Java support?
1. One-line Comments
2. Java-Docs
3. Comments for Variables
4. executable Comments
","1","fehlerfrei"
"<built-in function id>","2019-05-23 21:45:43","Please write a valid comment.","/a","[['basics', 'comments', 'basics', 'comments'], 'This is not a valid comment. This does not contain /**/ or //: <b>/a</b>', 'comments_non']"
"0","2019-05-23 21:47:04","Please choose the right answer(s) by typing in the number(s) of the answer(s) into user input:
Which types of comments does Java support?
1. One-line Comments
2. Java-Docs
3. Comments for Variables
4. executable Comments
","1","fehlerfrei"
"<built-in function id>","2019-05-23 21:47:04","Please write a valid comment.","/a","[['basics', 'comments', 'basics', 'comments'], 'This is not a valid comment. This does not contain /**/ or //: <b>/a</b>', 'comments_non']"
"0","2019-05-23 21:48:41","Please choose the right answer(s) by typing in the number(s) of the answer(s) into user input:
Which types of comments does Java support?
1. One-line Comments
2. Java-Docs
3. Comments for Variables
4. executable Comments
","1","fehlerfrei"
"<built-in function id>","2019-05-23 21:48:41","Please write a valid comment.","/a","[['basics', 'comments', 'basics', 'comments'], 'This is not a valid comment. This does not contain /**/ or //: <b>/a</b>', 'comments_non']"
"0","2019-05-24 14:55:56","Please choose the right answer(s) by typing in the number(s) of the answer(s) into user input:
Which types of comments does Java support?
1. One-line Comments
2. Java-Docs
3. Comments for Variables
4. executable Comments
","1","fehlerfrei"
"<built-in function id>","2019-05-24 14:55:56","Please write a valid comment.","/a","[['basics', 'comments', 'basics', 'comments'], 'This is not a valid comment. This does not contain /**/ or //: <b>/a</b>', 'comments_non']"
"0","2019-05-24 15:51:48","Please choose the right answer(s) by typing in the number(s) of the answer(s) into user input:
Which types of comments does Java support?
1. One-line Comments
2. Java-Docs
3. Comments for Variables
4. executable Comments
","1","fehlerfrei"
"<built-in function id>","2019-05-24 15:51:48","Please write a valid comment.","/a","[['basics', 'comments', 'basics', 'comments'], 'This is not a valid comment. This does not contain /**/ or //: <b>/a</b>', 'comments_non']"
"0","2019-05-24 16:14:01","Please choose the right answer(s) by typing in the number(s) of the answer(s) into user input:
Which types of comments does Java support?
1. One-line Comments
2. Java-Docs
3. Comments for Variables
4. executable Comments
","1","fehlerfrei"
"<built-in function id>","2019-05-24 16:14:01","Please write a valid comment.","/a","[['basics', 'comments', 'basics', 'comments'], 'This is not a valid comment. This does not contain /**/ or //: <b>/a</b>', 'comments_non']"
"0","2019-05-24 16:15:07","Please choose the right answer(s) by typing in the number(s) of the answer(s) into user input:
Which types of comments does Java support?
1. One-line Comments
2. Java-Docs
3. Comments for Variables
4. executable Comments
","1","fehlerfrei"
"0","2019-05-24 17:17:19","Please choose the right answer(s) by typing in the number(s) of the answer(s) into user input:
Which types of comments does Java support?
1. One-line Comments
2. Java-Docs
3. Comments for Variables
4. executable Comments
","1","fehlerfrei"
"<built-in function id>","2019-05-24 17:17:19","Bitte schreibe einen richtigen Kommentar.","/a","[['basics', 'comments', 'basics', 'comments'], 'Dies ist kein gültiger Kommentar. Dieser enthält nicht / ** / oder //: <b>/a</b>.', 'comments_non']"
"0","2019-05-24 17:18:13","Please choose the right answer(s) by typing in the number(s) of the answer(s) into user input:
Which types of comments does Java support?
1. One-line Comments
2. Java-Docs
3. Comments for Variables
4. executable Comments
","1","fehlerfrei"
"<built-in function id>","2019-05-24 17:18:13","Bitte schreibe einen richtigen Kommentar.","/a","[['basics', 'comments', 'basics', 'comments'], 'Dies ist kein gültiger Kommentar. Dieser enthält nicht / ** / oder //: <b>/a</b>.', 'comments_non']"
"0","2019-05-24 17:19:18","Please choose the right answer(s) by typing in the number(s) of the answer(s) into user input:
Which types of comments does Java support?
1. One-line Comments
2. Java-Docs
3. Comments for Variables
4. executable Comments
","1","fehlerfrei"
"<built-in function id>","2019-05-24 17:19:18","Bitte schreibe einen richtigen Kommentar.","/a","[['basics', 'comments', 'basics', 'comments'], 'Dies ist kein gültiger Kommentar. Dieser enthält nicht / ** / oder //: <b>/a</b>.', 'comments_non']"
"0","2019-05-24 17:19:39","Please choose the right answer(s) by typing in the number(s) of the answer(s) into user input:
Which types of comments does Java support?
1. One-line Comments
2. Java-Docs
3. Comments for Variables
4. executable Comments
","1","fehlerfrei"
"<built-in function id>","2019-05-24 17:19:39","Bitte schreibe einen richtigen Kommentar.","/a","[['basics', 'comments', 'basics', 'comments'], 'Dies ist kein gültiger Kommentar. Dieser enthält nicht / ** / oder //: <b>/a</b>.', 'comments_non']"
"0","2019-05-24 17:20:47","Please choose the right answer(s) by typing in the number(s) of the answer(s) into user input:
Which types of comments does Java support?
1. One-line Comments
2. Java-Docs
3. Comments for Variables
4. executable Comments
","1","fehlerfrei"
"<built-in function id>","2019-05-24 17:20:47","Bitte schreibe einen richtigen Kommentar.","/a","[['basics', 'comments', 'basics', 'comments'], 'Dies ist kein gültiger Kommentar. Dieser enthält nicht / ** / oder //: <b>/a</b>.', 'comments_non']"
"0","2019-05-24 17:21:40","Please choose the right answer(s) by typing in the number(s) of the answer(s) into user input:
Which types of comments does Java support?
1. One-line Comments
2. Java-Docs
3. Comments for Variables
4. executable Comments
","1","fehlerfrei"
"<built-in function id>","2019-05-24 17:21:40","Bitte schreibe einen richtigen Kommentar.","/a","[['basics', 'comments', 'basics', 'comments'], 'Dies ist kein gültiger Kommentar. Dieser enthält nicht / ** / oder //: <b>/a</b>.', 'comments_non']"
"0","2019-05-24 17:25:15","Please choose the right answer(s) by typing in the number(s) of the answer(s) into user input:
Which types of comments does Java support?
1. One-line Comments
2. Java-Docs
3. Comments for Variables
4. executable Comments
","1","fehlerfrei"
"<built-in function id>","2019-05-24 17:25:15","Bitte schreibe einen richtigen Kommentar.","/a","[['basics', 'comments', 'basics', 'comments'], 'Dies ist kein gültiger Kommentar. Dieser enthält nicht / ** / oder //: <b>/a</b>.', 'comments_non']"
"0","2019-05-24 17:27:17","Please choose the right answer(s) by typing in the number(s) of the answer(s) into user input:
Which types of comments does Java support?
1. One-line Comments
2. Java-Docs
3. Comments for Variables
4. executable Comments
","1","fehlerfrei"
"<built-in function id>","2019-05-24 17:27:17","Bitte schreibe einen richtigen Kommentar.","/a","[['basics', 'comments', 'basics', 'comments'], 'Dies ist kein gültiger Kommentar. Dieser enthält nicht / ** / oder //: <b>/a</b>.', 'comments_non']"
"0","2019-05-24 17:28:59","Please choose the right answer(s) by typing in the number(s) of the answer(s) into user input:
Which types of comments does Java support?
1. One-line Comments
2. Java-Docs
3. Comments for Variables
4. executable Comments
","1","fehlerfrei"
"<built-in function id>","2019-05-24 17:28:59","Bitte schreibe einen richtigen Kommentar.","/a","[['basics', 'comments', 'basics', 'comments'], 'Dies ist kein gültiger Kommentar. Dieser enthält nicht / ** / oder //: <b>/a</b>.', 'comments_non']"
"0","2019-05-24 17:29:32","Please choose the right answer(s) by typing in the number(s) of the answer(s) into user input:
Which types of comments does Java support?
1. One-line Comments
2. Java-Docs
3. Comments for Variables
4. executable Comments
","1","fehlerfrei"
"<built-in function id>","2019-05-24 17:29:32","Bitte schreibe einen richtigen Kommentar.","/a","[['basics', 'comments', 'basics', 'comments'], 'Dies ist kein gültiger Kommentar. Dieser enthält nicht / ** / oder //: <b>/a</b>.', 'comments_non']"
"0","2019-05-24 17:30:23","Please choose the right answer(s) by typing in the number(s) of the answer(s) into user input:
Which types of comments does Java support?
1. One-line Comments
2. Java-Docs
3. Comments for Variables
4. executable Comments
","1","fehlerfrei"
"0","2019-05-24 17:30:54","Please choose the right answer(s) by typing in the number(s) of the answer(s) into user input:
Which types of comments does Java support?
1. One-line Comments
2. Java-Docs
3. Comments for Variables
4. executable Comments
","1","fehlerfrei"
"0","2019-05-24 17:31:37","Please choose the right answer(s) by typing in the number(s) of the answer(s) into user input:
Which types of comments does Java support?
1. One-line Comments
2. Java-Docs
3. Comments for Variables
4. executable Comments
","1","fehlerfrei"
"<built-in function id>","2019-05-24 17:31:37","Bitte schreibe einen richtigen Kommentar.","/a","[['basics', 'comments', 'basics', 'comments'], 'Dies ist kein gültiger Kommentar. Dieser enthält nicht / ** / oder //: <b>/a</b>.', 'comments_non']"
"0","2019-05-24 17:34:39","Please choose the right answer(s) by typing in the number(s) of the answer(s) into user input:
Which types of comments does Java support?
1. One-line Comments
2. Java-Docs
3. Comments for Variables
4. executable Comments
","1","fehlerfrei"
"<built-in function id>","2019-05-24 17:34:39","Bitte schreibe einen richtigen Kommentar.","/a","[['basics', 'comments', 'basics', 'comments'], 'Dies ist kein gültiger Kommentar. Dieser enthält nicht / ** / oder //: <b>/a</b>.', 'comments_non']"
"<built-in function id>","2019-05-24 17:35:14","Bitte schreibe einen richtigen Kommentar.","//a","fehlerfrei"
"0","2019-05-24 17:49:31","Please choose the right answer(s) by typing in the number(s) of the answer(s) into user input:
Which types of comments does Java support?
1. One-line Comments
2. Java-Docs
3. Comments for Variables
4. executable Comments
","1","fehlerfrei"
"<built-in function id>","2019-05-24 17:49:31","Bitte schreibe einen richtigen Kommentar.","/a","[['basics', 'comments', 'basics', 'comments'], 'Dies ist kein gültiger Kommentar. Dieser enthält nicht / ** / oder //: <b>/a</b>.', 'comments_non']"
"0","2019-05-24 17:52:26","Please choose the right answer(s) by typing in the number(s) of the answer(s) into user input:
Which types of comments does Java support?
1. One-line Comments
2. Java-Docs
3. Comments for Variables
4. executable Comments
","1","fehlerfrei"
"<built-in function id>","2019-05-24 17:52:26","Bitte schreibe einen richtigen Kommentar.","/a","[['basics', 'comments', 'basics', 'comments'], 'Dies ist kein gültiger Kommentar. Dieser enthält nicht / ** / oder //: <b>/a</b>.', 'comments_non']"
"<built-in function id>","2019-05-24 17:53:09","Bitte definiere eine Methode.","void test(){}","fehlerfrei"
"<built-in function id>","2019-05-24 17:53:28","Bitte deklariere eine public static Methode.","pubic static void test(){}","[['methods', 'method_modifiers', 'methods', 'method_modifiers'], 'Dieser Methodenmodifier ist ungültig: <b>pubic</b>.', 'method_definition_wrong_modifier']"
"0","2019-05-24 17:54:59","Please choose the right answer(s) by typing in the number(s) of the answer(s) into user input:
Which types of comments does Java support?
1. One-line Comments
2. Java-Docs
3. Comments for Variables
4. executable Comments
","1","fehlerfrei"
"<built-in function id>","2019-05-24 17:54:59","Bitte schreibe einen richtigen Kommentar.","/a","[['basics', 'comments', 'basics', 'comments'], 'Dies ist kein gültiger Kommentar. Dieser enthält nicht / ** / oder //: <b>/a</b>.', 'comments_non']"
"<built-in function id>","2019-05-24 17:55:53","Bitte schreibe einen richtigen Kommentar.","/a","[['basics', 'comments', 'basics', 'comments'], 'Dies ist kein gültiger Kommentar. Dieser enthält nicht / ** / oder //: <b>/a</b>.', 'comments_non']"
"0","2019-05-24 18:21:21","Please choose the right answer(s) by typing in the number(s) of the answer(s) into user input:
Which types of comments does Java support?
1. One-line Comments
2. Java-Docs
3. Comments for Variables
4. executable Comments
","1","fehlerfrei"
"<built-in function id>","2019-05-24 18:21:21","Bitte schreibe einen richtigen Kommentar.","/a","[['basics', 'comments', 'basics', 'comments'], 'Dies ist kein gültiger Kommentar. Dieser enthält nicht / ** / oder //: <b>/a</b>.', 'comments_non']"
"0","2019-05-24 19:00:07","Please choose the right answer(s) by typing in the number(s) of the answer(s) into user input:
Which types of comments does Java support?
1. One-line Comments
2. Java-Docs
3. Comments for Variables
4. executable Comments
","1","fehlerfrei"
"<built-in function id>","2019-05-24 19:00:07","Bitte schreibe einen richtigen Kommentar.","/a","[['basics', 'comments', 'basics', 'comments'], 'Dies ist kein gültiger Kommentar. Dieser enthält nicht / ** / oder //: <b>/a</b>.', 'comments_non']"
"0","2019-05-24 19:00:32","Please choose the right answer(s) by typing in the number(s) of the answer(s) into user input:
Which types of comments does Java support?
1. One-line Comments
2. Java-Docs
3. Comments for Variables
4. executable Comments
","1","fehlerfrei"
"<built-in function id>","2019-05-24 19:00:32","Bitte schreibe einen richtigen Kommentar.","/a","[['basics', 'comments', 'basics', 'comments'], 'Dies ist kein gültiger Kommentar. Dieser enthält nicht / ** / oder //: <b>/a</b>.', 'comments_non']"
"0","2019-05-24 19:21:26","Please choose the right answer(s) by typing in the number(s) of the answer(s) into user input:
Which types of comments does Java support?
1. One-line Comments
2. Java-Docs
3. Comments for Variables
4. executable Comments
","1","fehlerfrei"
"<built-in function id>","2019-05-24 19:21:26","Bitte schreibe einen richtigen Kommentar.","/a","[['basics', 'comments', 'basics', 'comments'], 'Dies ist kein gültiger Kommentar. Dieser enthält nicht / ** / oder //: <b>/a</b>.', 'comments_non']"
"<built-in function id>","2019-05-24 19:22:16","Bitte schreibe eine richtige Main-Methode.","public static void main(String a[])","[['programm_structure', 'programm_structure_main', 'programm_structure', 'programm_structure_main'], 'Das ist nicht die Struktur einer Main-Methode: <b>public static void main(String a[])</b>""', 'main_wrong']"
"<built-in function id>","2019-05-24 19:22:51","Bitte schreibe eine richtige Main-Methode.","public static void main(String a[]){}","fehlerfrei"
"0","2019-05-24 21:39:30","Please choose the right answer(s) by typing in the number(s) of the answer(s) into user input:
Which types of comments does Java support?
1. One-line Comments
2. Java-Docs
3. Comments for Variables
4. executable Comments
","1","fehlerfrei"
"<built-in function id>","2019-05-24 21:39:30","Bitte schreibe einen richtigen Kommentar.","/a","[['basics', 'comments', 'basics', 'comments'], 'Dies ist kein gültiger Kommentar. Dieser enthält nicht / ** / oder //: <b>/a</b>.', 'comments_non']"
"0","2019-05-24 21:40:59","Please choose the right answer(s) by typing in the number(s) of the answer(s) into user input:
Which types of comments does Java support?
1. One-line Comments
2. Java-Docs
3. Comments for Variables
4. executable Comments
","1","fehlerfrei"
"<built-in function id>","2019-05-24 21:40:59","Bitte schreibe einen richtigen Kommentar.","/a","[['basics', 'comments', 'basics', 'comments'], 'Dies ist kein gültiger Kommentar. Dieser enthält nicht / ** / oder //: <b>/a</b>.', 'comments_non']"
"<built-in function id>","2019-05-24 21:42:08","Bitte schreibe eine richtige Main-Methode.","public static void main(String a[]){}","fehlerfrei"
"0","2019-05-24 21:53:53","Please choose the right answer(s) by typing in the number(s) of the answer(s) into user input:
Which types of comments does Java support?
1. One-line Comments
2. Java-Docs
3. Comments for Variables
4. executable Comments
","1","fehlerfrei"
"<built-in function id>","2019-05-24 21:53:53","Bitte schreibe einen richtigen Kommentar.","/a","[['basics', 'comments', 'basics', 'comments'], 'Dies ist kein gültiger Kommentar. Dieser enthält nicht / ** / oder //: <b>/a</b>.', 'comments_non']"
"0","2019-05-25 11:07:51","Please choose the right answer(s) by typing in the number(s) of the answer(s) into user input:
Which types of comments does Java support?
1. One-line Comments
2. Java-Docs
3. Comments for Variables
4. executable Comments
","1","fehlerfrei"
"<built-in function id>","2019-05-25 11:07:51","Bitte schreibe einen richtigen Kommentar.","/a","[['basics', 'comments', 'basics', 'comments'], 'Dies ist kein gültiger Kommentar. Dieser enthält nicht / ** / oder //: <b>/a</b>.', 'comments_non']"
"0","2019-05-25 11:08:43","Please choose the right answer(s) by typing in the number(s) of the answer(s) into user input:
Which types of comments does Java support?
1. One-line Comments
2. Java-Docs
3. Comments for Variables
4. executable Comments
","1","fehlerfrei"
"<built-in function id>","2019-05-25 11:08:43","Bitte schreibe einen richtigen Kommentar.","/a","[['basics', 'comments', 'basics', 'comments'], 'Dies ist kein gültiger Kommentar. Dieser enthält nicht / ** / oder //: <b>/a</b>.', 'comments_non']"
"0","2019-05-25 12:22:06","Please choose the right answer(s) by typing in the number(s) of the answer(s) into user input:
Which types of comments does Java support?
1. One-line Comments
2. Java-Docs
3. Comments for Variables
4. executable Comments
","1","fehlerfrei"
"<built-in function id>","2019-05-25 12:22:06","Bitte schreibe einen richtigen Kommentar.","/a","[['basics', 'comments', 'basics', 'comments'], 'Dies ist kein gültiger Kommentar. Dieser enthält nicht / ** / oder //: <b>/a</b>.', 'comments_non']"
"0","2019-05-25 12:23:19","Please choose the right answer(s) by typing in the number(s) of the answer(s) into user input:
Which types of comments does Java support?
1. One-line Comments
2. Java-Docs
3. Comments for Variables
4. executable Comments
","1","fehlerfrei"
"<built-in function id>","2019-05-25 12:23:19","Bitte schreibe einen richtigen Kommentar.","/a","[['basics', 'comments', 'basics', 'comments'], 'Dies ist kein gültiger Kommentar. Dieser enthält nicht / ** / oder //: <b>/a</b>.', 'comments_non']"
"0","2019-05-25 12:26:10","Please choose the right answer(s) by typing in the number(s) of the answer(s) into user input:
Which types of comments does Java support?
1. One-line Comments
2. Java-Docs
3. Comments for Variables
4. executable Comments
","1","fehlerfrei"
"<built-in function id>","2019-05-25 12:26:10","Bitte schreibe einen richtigen Kommentar.","/a","[['basics', 'comments', 'basics', 'comments'], 'Dies ist kein gültiger Kommentar. Dieser enthält nicht / ** / oder //: <b>/a</b>.', 'comments_non']"
"0","2019-05-25 12:27:21","Please choose the right answer(s) by typing in the number(s) of the answer(s) into user input:
Which types of comments does Java support?
1. One-line Comments
2. Java-Docs
3. Comments for Variables
4. executable Comments
","1","fehlerfrei"
"<built-in function id>","2019-05-25 12:27:21","Bitte schreibe einen richtigen Kommentar.","/a","[['basics', 'comments', 'basics', 'comments'], 'Dies ist kein gültiger Kommentar. Dieser enthält nicht / ** / oder //: <b>/a</b>.', 'comments_non']"
"<built-in function id>","2019-05-25 12:28:38","Bitte schreibe eine richtige Main-Methode.","public static void main(String a[]){}","fehlerfrei"
"<built-in function id>","2019-05-25 12:28:53","Bitte schreibe einen richtige Importdeklaration.","import 1","[['programm_structure', 'programm_structure_import', 'programm_structure', 'programm_structure_import'], 'Das endet nicht mit einem Semikolon: <b>import 1</b>""', 'import_wrong_semicolon']"
"0","2019-05-25 13:15:40","Please choose the right answer(s) by typing in the number(s) of the answer(s) into user input:
Which types of comments does Java support?
1. One-line Comments
2. Java-Docs
3. Comments for Variables
4. executable Comments
","1","fehlerfrei"
"<built-in function id>","2019-05-25 13:15:40","Bitte schreibe einen richtigen Kommentar.","/a","[['basics', 'comments', 'basics', 'comments'], 'Dies ist kein gültiger Kommentar. Dieser enthält nicht / ** / oder //: <b>/a</b>.', 'comments_non']"
"0","2019-05-25 13:34:46","Please choose the right answer(s) by typing in the number(s) of the answer(s) into user input:
Which types of comments does Java support?
1. One-line Comments
2. Java-Docs
3. Comments for Variables
4. executable Comments
","1","fehlerfrei"
"<built-in function id>","2019-05-25 13:34:46","Bitte schreibe einen richtigen Kommentar.","/a","[['basics', 'comments', 'basics', 'comments'], 'Dies ist kein gültiger Kommentar. Dieser enthält nicht / ** / oder //: <b>/a</b>.', 'comments_non']"
"<built-in function id>","2019-05-25 13:35:26","Bitte schreibe eine richtige Main-Methode.","public static void main(String a[]){}","fehlerfrei"
"<built-in function id>","2019-05-25 13:35:34","Bitte schreibe einen richtige Importdeklaration.","import a;","fehlerfrei"
"<built-in function id>","2019-05-25 13:35:45","Bitte schreibe eine richtige Paketdeklaration.","package 1","[['programm_structure', 'programm_structure_packages', 'programm_structure', 'programm_structure_packages'], 'Diese Package-Deklaration endet nicht mit einem Semikolon: <b>package 1</b>', 'package_wrong_semicolon']"
"<built-in function id>","2019-05-25 13:36:35","Bitte schreibe eine richtige Paketdeklaration.","package a;","fehlerfrei"
"<built-in function id>","2019-05-25 13:37:08","Bitte schreibe eine richtige Paketdeklaration.","package a;","fehlerfrei"
"0","2019-05-25 13:37:53","Please choose the right answer(s) by typing in the number(s) of the answer(s) into user input:
Which types of comments does Java support?
1. One-line Comments
2. Java-Docs
3. Comments for Variables
4. executable Comments
","1","fehlerfrei"
"<built-in function id>","2019-05-25 13:37:53","Bitte schreibe einen richtigen Kommentar.","/a","[['basics', 'comments', 'basics', 'comments'], 'Dies ist kein gültiger Kommentar. Dieser enthält nicht / ** / oder //: <b>/a</b>.', 'comments_non']"
"<built-in function id>","2019-05-25 13:38:14","Bitte schreibe eine richtige Main-Methode.","public static void main(String a[]){}","fehlerfrei"
"<built-in function id>","2019-05-25 13:38:39","Bitte schreibe einen richtige Importdeklaration.","import a;","fehlerfrei"
"<built-in function id>","2019-05-25 13:38:57","Bitte schreibe eine richtige Paketdeklaration.","package a;","fehlerfrei"
"<built-in function id>","2019-05-25 13:39:03","Please choose the right answer(s) by typing in the number(s) of the answer(s) into user input:
Wo befindet sich der Einstiegspunkt in einer Java-App?
1. In Zeile 1.
2. In der Hauptmethode.
3. In der Klassendeklaration.
4.  Bei der Eingabemethode. 
","2","fehlerfrei"
"<built-in function id>","2019-05-25 13:39:14","Please choose the right answer(s) by typing in the number(s) of the answer(s) into user input:
Wo werden Importe geschrieben?
1. Oben.
2. Unten.
3. Eine Zeile vor der ersten Verwendung.
4. Sie können überall geschrieben werden . 
","1","fehlerfrei"
"<built-in function id>","2019-05-25 13:39:23","Was bewirkt eine Importdeklaration?
Please fill the gap by typing the answer in Teaching Input:
Sie ordnet einen Pfad einem einfachen ___ zu, damit Importobjekte von ihm verwendet werden können.","name","fehlerhaft"
"0","2019-05-25 13:42:40","Please choose the right answer(s) by typing in the number(s) of the answer(s) into user input:
Which types of comments does Java support?
1. One-line Comments
2. Java-Docs
3. Comments for Variables
4. executable Comments
","1","fehlerfrei"
"<built-in function id>","2019-05-25 13:42:40","Bitte schreibe einen richtigen Kommentar.","/a","[['basics', 'comments', 'basics', 'comments'], 'Dies ist kein gültiger Kommentar. Dieser enthält nicht / ** / oder //: <b>/a</b>.', 'comments_non']"
"<built-in function id>","2019-05-25 13:44:10","Bitte schreibe eine richtige Main-Methode.","public static void main(String a[]){}","fehlerfrei"
"<built-in function id>","2019-05-25 13:44:19","Bitte schreibe einen richtige Importdeklaration.","im","[['programm_structure', 'programm_structure_import', 'programm_structure', 'programm_structure_import'], 'Das enthält nicht das Schlüsselwort \'import\' "": <b>im</b>.', 'import_no_keyword']"
"<built-in function id>","2019-05-25 13:44:25","Bitte schreibe einen richtige Importdeklaration.","import java.*;","fehlerfrei"
"<built-in function id>","2019-05-25 13:47:13","Was bewirkt eine Importdeklaration?
Please fill the gap by typing the answer in Teaching Input:
Sie ordnet einen Pfad einem einfachen ___ zu, damit Importobjekte von ihm verwendet werden können.","name","fehlerhaft"
"<built-in function id>","2019-05-25 13:47:22","Please choose the right answer(s) by typing in the number(s) of the answer(s) into user input:
Wo werden Importe geschrieben?
1. Oben.
2. Unten.
3. Eine Zeile vor der ersten Verwendung.
4. Sie können überall geschrieben werden . 
","1","fehlerfrei"
"<built-in function id>","2019-05-25 13:47:27","Was ist der Rückgabewert der main-Methode?
Please fill the gap by typing the answer in Teaching Input:
public static ___ main (String a []) {}","static","fehlerhaft"
"0","2019-05-25 13:55:35","Please choose the right answer(s) by typing in the number(s) of the answer(s) into user input:
Which types of comments does Java support?
1. One-line Comments
2. Java-Docs
3. Comments for Variables
4. executable Comments
","1","fehlerfrei"
"<built-in function id>","2019-05-25 13:55:35","Bitte schreibe einen richtigen Kommentar.","/a","[['basics', 'comments', 'basics', 'comments'], 'Dies ist kein gültiger Kommentar. Dieser enthält nicht / ** / oder //: <b>/a</b>.', 'comments_non']"
"<built-in function id>","2019-05-25 13:57:32","Please choose the right answer(s) by typing in the number(s) of the answer(s) into user input:
Wie sieht eine Paketdeklaration aus?
1. Paketanwendungsname, Bibliotheksname
2. Paketbibliotheksname.Anwendungsname
3. Paketanwendungsname.Bibliotheksname
4. PACKAGE anwendungsname.Bibliotheksname""
","2","fehlerfrei"
"<built-in function id>","2019-05-25 13:59:06","Was bewirkt eine Importdeklaration?
Please fill the gap by typing the answer in Teaching Input:
Sie ordnet einen Pfad einem einfachen ___ zu, damit Importobjekte von ihm verwendet werden können.","name","fehlerhaft"
"<built-in function id>","2019-05-25 13:59:26","Was bewirkt eine Importdeklaration?
Please fill the gap by typing the answer in Teaching Input:
Sie ordnet einen Pfad einem einfachen ___ zu, damit Importobjekte von ihm verwendet werden können.","name","fehlerhaft"
"<built-in function id>","2019-05-25 13:59:33","Please choose the right answer(s) by typing in the number(s) of the answer(s) into user input:
Wo werden Importe geschrieben?
1. Oben.
2. Unten.
3. Eine Zeile vor der ersten Verwendung.
4. Sie können überall geschrieben werden . 
","1","fehlerfrei"
"0","2019-05-25 14:03:39","Please choose the right answer(s) by typing in the number(s) of the answer(s) into user input:
Which types of comments does Java support?
1. One-line Comments
2. Java-Docs
3. Comments for Variables
4. executable Comments
","1","fehlerfrei"
"<built-in function id>","2019-05-25 14:03:39","Bitte schreibe einen richtigen Kommentar.","/a","[['basics', 'comments', 'basics', 'comments'], 'Dies ist kein gültiger Kommentar. Dieser enthält nicht / ** / oder //: <b>/a</b>.', 'comments_non']"
"<built-in function id>","2019-05-25 14:05:10","Was bewirkt eine Importdeklaration?
Please fill the gap by typing the answer in Teaching Input:
Sie ordnet einen Pfad einem einfachen ___ zu, damit Importobjekte von ihm verwendet werden können.","name","fehlerhaft"
"<built-in function id>","2019-05-25 14:05:19","Please choose the right answer(s) by typing in the number(s) of the answer(s) into user input:
Wo werden Importe geschrieben?
1. Oben.
2. Unten.
3. Eine Zeile vor der ersten Verwendung.
4. Sie können überall geschrieben werden . 
","1","fehlerfrei"
"<built-in function id>","2019-05-25 14:05:35","Vervollständige diese Paketdeklaration.
Please fill the gap by typing the answer in Teaching Input:
package myapplication ___ mylibrary;",".","fehlerfrei"
"<built-in function id>","2019-05-25 14:05:40","Please choose the right answer(s) by typing in the number(s) of the answer(s) into user input:
Wo befindet sich der Einstiegspunkt in einer Java-App?
1. In Zeile 1.
2. In der Hauptmethode.
3. In der Klassendeklaration.
4.  Bei der Eingabemethode. 
","2","fehlerfrei"
"0","2019-05-25 14:23:08","Please choose the right answer(s) by typing in the number(s) of the answer(s) into user input:
Which types of comments does Java support?
1. One-line Comments
2. Java-Docs
3. Comments for Variables
4. executable Comments
","1","fehlerfrei"
"<built-in function id>","2019-05-25 14:23:08","Bitte schreibe einen richtigen Kommentar.","/a","[['basics', 'comments', 'basics', 'comments'], 'Dies ist kein gültiger Kommentar. Dieser enthält nicht / ** / oder //: <b>/a</b>.', 'comments_non']"
"<built-in function id>","2019-05-25 14:23:50","Vervollständige diese Paketdeklaration.
Please fill the gap by typing the answer in Teaching Input:
package myapplication ___ mylibrary;",".","fehlerfrei"
"<built-in function id>","2019-05-25 14:23:54","Was ist der Rückgabewert der main-Methode?
Please fill the gap by typing the answer in Teaching Input:
public static ___ main (String a []) {}","void","fehlerfrei"
"<built-in function id>","2019-05-25 14:23:57","Please choose the right answer(s) by typing in the number(s) of the answer(s) into user input:
Wo werden Importe geschrieben?
1. Oben.
2. Unten.
3. Eine Zeile vor der ersten Verwendung.
4. Sie können überall geschrieben werden . 
","1","fehlerfrei"
"0","2019-05-25 14:41:52","Please choose the right answer(s) by typing in the number(s) of the answer(s) into user input:
Which types of comments does Java support?
1. One-line Comments
2. Java-Docs
3. Comments for Variables
4. executable Comments
","1","fehlerfrei"
"<built-in function id>","2019-05-25 14:41:52","Bitte schreibe einen richtigen Kommentar.","/a","[['basics', 'comments', 'basics', 'comments'], 'Dies ist kein gültiger Kommentar. Dieser enthält nicht / ** / oder //: <b>/a</b>.', 'comments_non']"
"0","2019-05-25 14:43:38","Please choose the right answer(s) by typing in the number(s) of the answer(s) into user input:
Which types of comments does Java support?
1. One-line Comments
2. Java-Docs
3. Comments for Variables
4. executable Comments
","1","fehlerfrei"
"<built-in function id>","2019-05-25 14:43:38","Bitte schreibe einen richtigen Kommentar.","/a","[['basics', 'comments', 'basics', 'comments'], 'Dies ist kein gültiger Kommentar. Dieser enthält nicht / ** / oder //: <b>/a</b>.', 'comments_non']"
"0","2019-05-25 14:44:14","Please choose the right answer(s) by typing in the number(s) of the answer(s) into user input:
Which types of comments does Java support?
1. One-line Comments
2. Java-Docs
3. Comments for Variables
4. executable Comments
","1","fehlerfrei"
"<built-in function id>","2019-05-25 14:44:14","Bitte schreibe einen richtigen Kommentar.","/a","[['basics', 'comments', 'basics', 'comments'], 'Dies ist kein gültiger Kommentar. Dieser enthält nicht / ** / oder //: <b>/a</b>.', 'comments_non']"
"0","2019-05-25 14:45:23","Please choose the right answer(s) by typing in the number(s) of the answer(s) into user input:
Which types of comments does Java support?
1. One-line Comments
2. Java-Docs
3. Comments for Variables
4. executable Comments
","1","fehlerfrei"
"<built-in function id>","2019-05-25 14:45:23","Bitte schreibe einen richtigen Kommentar.","/a","[['basics', 'comments', 'basics', 'comments'], 'Dies ist kein gültiger Kommentar. Dieser enthält nicht / ** / oder //: <b>/a</b>.', 'comments_non']"
"0","2019-05-25 14:49:06","Please choose the right answer(s) by typing in the number(s) of the answer(s) into user input:
Which types of comments does Java support?
1. One-line Comments
2. Java-Docs
3. Comments for Variables
4. executable Comments
","1","fehlerfrei"
"<built-in function id>","2019-05-25 14:49:06","Bitte schreibe einen richtigen Kommentar.","/a","[['basics', 'comments', 'basics', 'comments'], 'Dies ist kein gültiger Kommentar. Dieser enthält nicht / ** / oder //: <b>/a</b>.', 'comments_non']"
"0","2019-05-25 15:01:26","Please choose the right answer(s) by typing in the number(s) of the answer(s) into user input:
Which types of comments does Java support?
1. One-line Comments
2. Java-Docs
3. Comments for Variables
4. executable Comments
","1","fehlerfrei"
"<built-in function id>","2019-05-25 15:01:26","Bitte schreibe einen richtigen Kommentar.","/a","[['basics', 'comments', 'basics', 'comments'], 'Dies ist kein gültiger Kommentar. Dieser enthält nicht / ** / oder //: <b>/a</b>.', 'comments_non']"
"0","2019-05-25 15:02:31","Please choose the right answer(s) by typing in the number(s) of the answer(s) into user input:
Which types of comments does Java support?
1. One-line Comments
2. Java-Docs
3. Comments for Variables
4. executable Comments
","1","fehlerfrei"
"<built-in function id>","2019-05-25 15:02:31","Bitte schreibe einen richtigen Kommentar.","/a","[['basics', 'comments', 'basics', 'comments'], 'Dies ist kein gültiger Kommentar. Dieser enthält nicht / ** / oder //: <b>/a</b>.', 'comments_non']"
"0","2019-05-25 15:03:17","Please choose the right answer(s) by typing in the number(s) of the answer(s) into user input:
Which types of comments does Java support?
1. One-line Comments
2. Java-Docs
3. Comments for Variables
4. executable Comments
","1","fehlerfrei"
"<built-in function id>","2019-05-25 15:03:17","Bitte schreibe einen richtigen Kommentar.","/a","[['basics', 'comments', 'basics', 'comments'], 'Dies ist kein gültiger Kommentar. Dieser enthält nicht / ** / oder //: <b>/a</b>.', 'comments_non']"
"0","2019-05-25 15:03:37","Please choose the right answer(s) by typing in the number(s) of the answer(s) into user input:
Which types of comments does Java support?
1. One-line Comments
2. Java-Docs
3. Comments for Variables
4. executable Comments
","1","fehlerfrei"
"<built-in function id>","2019-05-25 15:03:37","Bitte schreibe einen richtigen Kommentar.","/a","[['basics', 'comments', 'basics', 'comments'], 'Dies ist kein gültiger Kommentar. Dieser enthält nicht / ** / oder //: <b>/a</b>.', 'comments_non']"
"0","2019-05-25 15:06:04","Please choose the right answer(s) by typing in the number(s) of the answer(s) into user input:
Which types of comments does Java support?
1. One-line Comments
2. Java-Docs
3. Comments for Variables
4. executable Comments
","1","fehlerfrei"
"<built-in function id>","2019-05-25 15:06:04","Bitte schreibe einen richtigen Kommentar.","/a","[['basics', 'comments', 'basics', 'comments'], 'Dies ist kein gültiger Kommentar. Dieser enthält nicht / ** / oder //: <b>/a</b>.', 'comments_non']"
"0","2019-05-25 15:08:26","Please choose the right answer(s) by typing in the number(s) of the answer(s) into user input:
Which types of comments does Java support?
1. One-line Comments
2. Java-Docs
3. Comments for Variables
4. executable Comments
","1","fehlerfrei"
"<built-in function id>","2019-05-25 15:08:26","Bitte schreibe einen richtigen Kommentar.","/a","[['basics', 'comments', 'basics', 'comments'], 'Dies ist kein gültiger Kommentar. Dieser enthält nicht / ** / oder //: <b>/a</b>.', 'comments_non']"
"0","2019-05-25 15:11:36","Please choose the right answer(s) by typing in the number(s) of the answer(s) into user input:
Which types of comments does Java support?
1. One-line Comments
2. Java-Docs
3. Comments for Variables
4. executable Comments
","1","fehlerfrei"
"<built-in function id>","2019-05-25 15:11:36","Bitte schreibe einen richtigen Kommentar.","/a","[['basics', 'comments', 'basics', 'comments'], 'Dies ist kein gültiger Kommentar. Dieser enthält nicht / ** / oder //: <b>/a</b>.', 'comments_non']"
"0","2019-05-25 15:12:38","Please choose the right answer(s) by typing in the number(s) of the answer(s) into user input:
Which types of comments does Java support?
1. One-line Comments
2. Java-Docs
3. Comments for Variables
4. executable Comments
","1","fehlerfrei"
"<built-in function id>","2019-05-25 15:12:38","Bitte schreibe einen richtigen Kommentar.","/a","[['basics', 'comments', 'basics', 'comments'], 'Dies ist kein gültiger Kommentar. Dieser enthält nicht / ** / oder //: <b>/a</b>.', 'comments_non']"
"0","2019-05-25 15:16:16","Please choose the right answer(s) by typing in the number(s) of the answer(s) into user input:
Which types of comments does Java support?
1. One-line Comments
2. Java-Docs
3. Comments for Variables
4. executable Comments
","1","fehlerfrei"
"<built-in function id>","2019-05-25 15:16:16","Bitte schreibe einen richtigen Kommentar.","/a","[['basics', 'comments', 'basics', 'comments'], 'Dies ist kein gültiger Kommentar. Dieser enthält nicht / ** / oder //: <b>/a</b>.', 'comments_non']"
"0","2019-05-25 15:19:02","Please choose the right answer(s) by typing in the number(s) of the answer(s) into user input:
Which types of comments does Java support?
1. One-line Comments
2. Java-Docs
3. Comments for Variables
4. executable Comments
","1","fehlerfrei"
"<built-in function id>","2019-05-25 15:19:02","Bitte schreibe einen richtigen Kommentar.","/a","[['basics', 'comments', 'basics', 'comments'], 'Dies ist kein gültiger Kommentar. Dieser enthält nicht / ** / oder //: <b>/a</b>.', 'comments_non']"
"0","2019-05-25 15:29:15","Please choose the right answer(s) by typing in the number(s) of the answer(s) into user input:
Which types of comments does Java support?
1. One-line Comments
2. Java-Docs
3. Comments for Variables
4. executable Comments
","1","fehlerfrei"
"<built-in function id>","2019-05-25 15:29:16","Bitte schreibe einen richtigen Kommentar.","/a","[['basics', 'comments', 'basics', 'comments'], 'Dies ist kein gültiger Kommentar. Dieser enthält nicht / ** / oder //: <b>/a</b>.', 'comments_non']"
"0","2019-05-25 15:30:49","Please choose the right answer(s) by typing in the number(s) of the answer(s) into user input:
Which types of comments does Java support?
1. One-line Comments
2. Java-Docs
3. Comments for Variables
4. executable Comments
","1","fehlerfrei"
"<built-in function id>","2019-05-25 15:30:49","Bitte schreibe einen richtigen Kommentar.","/a","[['basics', 'comments', 'basics', 'comments'], 'Dies ist kein gültiger Kommentar. Dieser enthält nicht / ** / oder //: <b>/a</b>.', 'comments_non']"
"0","2019-05-25 15:31:09","Please choose the right answer(s) by typing in the number(s) of the answer(s) into user input:
Which types of comments does Java support?
1. One-line Comments
2. Java-Docs
3. Comments for Variables
4. executable Comments
","1","fehlerfrei"
"<built-in function id>","2019-05-25 15:31:09","Bitte schreibe einen richtigen Kommentar.","/a","[['basics', 'comments', 'basics', 'comments'], 'Dies ist kein gültiger Kommentar. Dieser enthält nicht / ** / oder //: <b>/a</b>.', 'comments_non']"
"0","2019-05-25 15:31:56","Please choose the right answer(s) by typing in the number(s) of the answer(s) into user input:
Which types of comments does Java support?
1. One-line Comments
2. Java-Docs
3. Comments for Variables
4. executable Comments
","1","fehlerfrei"
"<built-in function id>","2019-05-25 15:31:56","Bitte schreibe einen richtigen Kommentar.","/a","[['basics', 'comments', 'basics', 'comments'], 'Dies ist kein gültiger Kommentar. Dieser enthält nicht / ** / oder //: <b>/a</b>.', 'comments_non']"
"0","2019-05-25 15:32:39","Please choose the right answer(s) by typing in the number(s) of the answer(s) into user input:
Which types of comments does Java support?
1. One-line Comments
2. Java-Docs
3. Comments for Variables
4. executable Comments
","1","fehlerfrei"
"<built-in function id>","2019-05-25 15:32:39","Bitte schreibe einen richtigen Kommentar.","/a","[['basics', 'comments', 'basics', 'comments'], 'Dies ist kein gültiger Kommentar. Dieser enthält nicht / ** / oder //: <b>/a</b>.', 'comments_non']"
"0","2019-05-25 15:32:43","Please choose the right answer(s) by typing in the number(s) of the answer(s) into user input:
Which types of comments does Java support?
1. One-line Comments
2. Java-Docs
3. Comments for Variables
4. executable Comments
","1","fehlerfrei"
"<built-in function id>","2019-05-25 15:32:43","Bitte schreibe einen richtigen Kommentar.","/a","[['basics', 'comments', 'basics', 'comments'], 'Dies ist kein gültiger Kommentar. Dieser enthält nicht / ** / oder //: <b>/a</b>.', 'comments_non']"
"0","2019-05-25 15:35:08","Please choose the right answer(s) by typing in the number(s) of the answer(s) into user input:
Which types of comments does Java support?
1. One-line Comments
2. Java-Docs
3. Comments for Variables
4. executable Comments
","1","fehlerfrei"
"<built-in function id>","2019-05-25 15:35:08","Bitte schreibe einen richtigen Kommentar.","/a","[['basics', 'comments', 'basics', 'comments'], 'Dies ist kein gültiger Kommentar. Dieser enthält nicht / ** / oder //: <b>/a</b>.', 'comments_non']"
"0","2019-05-25 15:42:45","Please choose the right answer(s) by typing in the number(s) of the answer(s) into user input:
Which types of comments does Java support?
1. One-line Comments
2. Java-Docs
3. Comments for Variables
4. executable Comments
","1","fehlerfrei"
"<built-in function id>","2019-05-25 15:42:45","Bitte schreibe einen richtigen Kommentar.","/a","[['basics', 'comments', 'basics', 'comments'], 'Dies ist kein gültiger Kommentar. Dieser enthält nicht / ** / oder //: <b>/a</b>.', 'comments_non']"
"0","2019-05-25 15:48:41","Please choose the right answer(s) by typing in the number(s) of the answer(s) into user input:
Which types of comments does Java support?
1. One-line Comments
2. Java-Docs
3. Comments for Variables
4. executable Comments
","1","fehlerfrei"
"<built-in function id>","2019-05-25 15:48:41","Bitte schreibe einen richtigen Kommentar.","/a","[['basics', 'comments', 'basics', 'comments'], 'Dies ist kein gültiger Kommentar. Dieser enthält nicht / ** / oder //: <b>/a</b>.', 'comments_non']"
"0","2019-05-25 15:49:39","Please choose the right answer(s) by typing in the number(s) of the answer(s) into user input:
Which types of comments does Java support?
1. One-line Comments
2. Java-Docs
3. Comments for Variables
4. executable Comments
","1","fehlerfrei"
"<built-in function id>","2019-05-25 15:49:39","Bitte schreibe einen richtigen Kommentar.","/a","[['basics', 'comments', 'basics', 'comments'], 'Dies ist kein gültiger Kommentar. Dieser enthält nicht / ** / oder //: <b>/a</b>.', 'comments_non']"
"0","2019-05-25 15:52:15","Please choose the right answer(s) by typing in the number(s) of the answer(s) into user input:
Which types of comments does Java support?
1. One-line Comments
2. Java-Docs
3. Comments for Variables
4. executable Comments
","1","fehlerfrei"
"<built-in function id>","2019-05-25 15:52:15","Bitte schreibe einen richtigen Kommentar.","/a","[['basics', 'comments', 'basics', 'comments'], 'Dies ist kein gültiger Kommentar. Dieser enthält nicht / ** / oder //: <b>/a</b>.', 'comments_non']"
"0","2019-05-25 15:54:10","Please choose the right answer(s) by typing in the number(s) of the answer(s) into user input:
Which types of comments does Java support?
1. One-line Comments
2. Java-Docs
3. Comments for Variables
4. executable Comments
","1","fehlerfrei"
"<built-in function id>","2019-05-25 15:54:10","Bitte schreibe einen richtigen Kommentar.","/a","[['basics', 'comments', 'basics', 'comments'], 'Dies ist kein gültiger Kommentar. Dieser enthält nicht / ** / oder //: <b>/a</b>.', 'comments_non']"
"0","2019-05-25 15:55:16","Please choose the right answer(s) by typing in the number(s) of the answer(s) into user input:
Which types of comments does Java support?
1. One-line Comments
2. Java-Docs
3. Comments for Variables
4. executable Comments
","1","fehlerfrei"
"<built-in function id>","2019-05-25 15:55:16","Bitte schreibe einen richtigen Kommentar.","/a","[['basics', 'comments', 'basics', 'comments'], 'Dies ist kein gültiger Kommentar. Dieser enthält nicht / ** / oder //: <b>/a</b>.', 'comments_non']"
"0","2019-05-25 15:55:47","Please choose the right answer(s) by typing in the number(s) of the answer(s) into user input:
Which types of comments does Java support?
1. One-line Comments
2. Java-Docs
3. Comments for Variables
4. executable Comments
","1","fehlerfrei"
"<built-in function id>","2019-05-25 15:55:47","Bitte schreibe einen richtigen Kommentar.","/a","[['basics', 'comments', 'basics', 'comments'], 'Dies ist kein gültiger Kommentar. Dieser enthält nicht / ** / oder //: <b>/a</b>.', 'comments_non']"
"0","2019-05-25 15:58:37","Please choose the right answer(s) by typing in the number(s) of the answer(s) into user input:
Which types of comments does Java support?
1. One-line Comments
2. Java-Docs
3. Comments for Variables
4. executable Comments
","1","fehlerfrei"
"<built-in function id>","2019-05-25 15:58:37","Bitte schreibe einen richtigen Kommentar.","/a","[['basics', 'comments', 'basics', 'comments'], 'Dies ist kein gültiger Kommentar. Dieser enthält nicht / ** / oder //: <b>/a</b>.', 'comments_non']"
"0","2019-05-25 16:00:33","Please choose the right answer(s) by typing in the number(s) of the answer(s) into user input:
Which types of comments does Java support?
1. One-line Comments
2. Java-Docs
3. Comments for Variables
4. executable Comments
","1","fehlerfrei"
"<built-in function id>","2019-05-25 16:00:33","Bitte schreibe einen richtigen Kommentar.","/a","[['basics', 'comments', 'basics', 'comments'], 'Dies ist kein gültiger Kommentar. Dieser enthält nicht / ** / oder //: <b>/a</b>.', 'comments_non']"
"0","2019-05-26 23:46:16","Please choose the right answer(s) by typing in the number(s) of the answer(s) into user input:
Which types of comments does Java support?
1. One-line Comments
2. Java-Docs
3. Comments for Variables
4. executable Comments
","1","fehlerfrei"
"<built-in function id>","2019-05-26 23:46:16","Bitte schreibe einen richtigen Kommentar.","/a","[['basics', 'comments', 'basics', 'comments'], 'Dies ist kein gültiger Kommentar. Dieser enthält nicht / ** / oder //: <b>/a</b>.', 'comments_non']"
"0","2019-05-26 23:47:22","Please choose the right answer(s) by typing in the number(s) of the answer(s) into user input:
Which types of comments does Java support?
1. One-line Comments
2. Java-Docs
3. Comments for Variables
4. executable Comments
","1","fehlerfrei"
"<built-in function id>","2019-05-26 23:47:22","Bitte schreibe einen richtigen Kommentar.","/a","[['basics', 'comments', 'basics', 'comments'], 'Dies ist kein gültiger Kommentar. Dieser enthält nicht / ** / oder //: <b>/a</b>.', 'comments_non']"
"0","2019-05-26 23:48:20","Please choose the right answer(s) by typing in the number(s) of the answer(s) into user input:
Which types of comments does Java support?
1. One-line Comments
2. Java-Docs
3. Comments for Variables
4. executable Comments
","1","fehlerfrei"
"<built-in function id>","2019-05-26 23:48:20","Bitte schreibe einen richtigen Kommentar.","/a","[['basics', 'comments', 'basics', 'comments'], 'Dies ist kein gültiger Kommentar. Dieser enthält nicht / ** / oder //: <b>/a</b>.', 'comments_non']"
"<built-in function id>","2019-05-26 23:48:55","Please write a valid main-method.","public static void main(String a[]){}","fehlerfrei"
